device_id,timestamp,status,heart_rate,infusion_rate
device_1,2024-08-05 05:03:08.360046,OK,78,4.039161927968559
device_2,2024-08-05 05:03:08.460578,FAULT,87,0.5772400078058314
device_3,2024-08-05 05:03:08.560984,FAULT,93,3.6386972889386153
device_4,2024-08-05 05:03:08.661643,FAULT,96,3.8237882934896117
device_5,2024-08-05 05:03:08.761967,FAULT,74,1.1695330922567828
device_6,2024-08-05 05:03:08.862706,FAULT,97,2.587171285045538
device_7,2024-08-05 05:03:08.963683,FAULT,86,3.0641521493800408
device_8,2024-08-05 05:03:09.064591,OK,70,0.6067598475676736
device_9,2024-08-05 05:03:09.165822,FAULT,87,4.926988015269549
device_10,2024-08-05 05:03:09.266767,OK,94,4.983580592334433
device_1,2024-08-05 05:03:09.368373,OK,79,4.747114714338007
device_2,2024-08-05 05:03:09.469349,FAULT,73,3.0831648654265447
device_3,2024-08-05 05:03:09.569951,FAULT,66,4.76745446120325
device_4,2024-08-05 05:03:09.670877,OK,70,0.8910998452857178
device_5,2024-08-05 05:03:09.771522,OK,79,2.3791486611403947
device_6,2024-08-05 05:03:09.871888,FAULT,78,3.063379353345871
device_7,2024-08-05 05:03:09.973065,OK,67,2.3379171841304327
device_8,2024-08-05 05:03:10.073709,FAULT,95,4.812923827928559
device_9,2024-08-05 05:03:10.174853,OK,87,1.0250058351986393
device_10,2024-08-05 05:03:10.275489,OK,87,2.1745739832917224
device_1,2024-08-05 05:03:10.376183,OK,61,3.0601294514898676
device_2,2024-08-05 05:03:10.476931,FAULT,65,2.082646899296491
device_3,2024-08-05 05:03:10.577832,FAULT,90,1.8649159923656102
device_4,2024-08-05 05:03:10.678557,OK,76,1.7905185284876923
device_5,2024-08-05 05:03:10.779508,OK,75,4.392969055409165
device_6,2024-08-05 05:03:10.880581,OK,73,3.5538254495595476
device_7,2024-08-05 05:03:10.981508,OK,85,4.783541616028636
device_8,2024-08-05 05:03:11.082570,FAULT,68,3.0920297854224876
device_9,2024-08-05 05:03:11.183477,OK,82,2.576178199924218
device_10,2024-08-05 05:03:11.284635,FAULT,99,4.192979069607512
device_1,2024-08-05 05:03:11.385821,FAULT,88,3.577256566106893
device_2,2024-08-05 05:03:11.486436,FAULT,63,1.0177776675098587
device_3,2024-08-05 05:03:11.587197,FAULT,92,4.1863282526220935
device_4,2024-08-05 05:03:11.688094,OK,72,3.4828914084585856
device_5,2024-08-05 05:03:11.788806,FAULT,72,3.3492244007376377
device_6,2024-08-05 05:03:11.889635,OK,73,4.383913045691341
device_7,2024-08-05 05:03:11.990083,OK,80,1.0382660464312479
device_8,2024-08-05 05:03:12.090527,FAULT,68,2.340056862691606
device_9,2024-08-05 05:03:12.191302,OK,92,0.7994234187923819
device_10,2024-08-05 05:03:12.292842,FAULT,90,0.510585304728321
device_1,2024-08-05 05:03:12.393817,OK,82,3.717598069725724
device_2,2024-08-05 05:03:12.494794,FAULT,68,1.4983208942129915
device_3,2024-08-05 05:03:12.595514,FAULT,66,3.4746592573419575
device_4,2024-08-05 05:03:12.696322,FAULT,87,4.799390758489635
device_5,2024-08-05 05:03:12.797102,OK,74,3.912946522184229
device_6,2024-08-05 05:03:12.898188,OK,91,0.8798917996890021
device_7,2024-08-05 05:03:12.998959,FAULT,64,2.394991773651226
device_8,2024-08-05 05:03:13.099529,OK,93,3.8356634012846653
device_9,2024-08-05 05:03:13.200018,OK,64,2.326826243514094
device_10,2024-08-05 05:03:13.301026,FAULT,94,2.1838475355177307
device_1,2024-08-05 05:03:13.402429,OK,60,4.684856648964725
device_2,2024-08-05 05:03:13.503353,OK,72,2.4659670307513264
device_3,2024-08-05 05:03:13.604269,FAULT,79,3.5378952013546443
device_4,2024-08-05 05:03:13.704830,OK,84,0.5045701990312919
device_5,2024-08-05 05:03:13.805803,OK,98,3.3716461524610946
device_6,2024-08-05 05:03:13.906783,FAULT,88,1.1653380500524773
device_7,2024-08-05 05:03:14.007572,FAULT,72,1.010740437249839
device_8,2024-08-05 05:03:14.108394,OK,77,3.893176818347102
device_9,2024-08-05 05:03:14.209560,OK,60,2.102220809881183
device_10,2024-08-05 05:03:14.310372,FAULT,75,2.5237973380760748
device_1,2024-08-05 05:03:14.411541,FAULT,96,4.0707667692272675
device_2,2024-08-05 05:03:14.512607,OK,78,3.218412050968859
device_3,2024-08-05 05:03:14.613566,OK,81,2.9793922336595404
device_4,2024-08-05 05:03:14.714407,OK,91,4.557318691352258
device_5,2024-08-05 05:03:14.815485,OK,70,3.0696342003774695
device_6,2024-08-05 05:03:14.916568,FAULT,75,4.418861011449418
device_7,2024-08-05 05:03:15.017194,FAULT,80,1.6268914263260466
device_8,2024-08-05 05:03:15.117851,FAULT,64,0.8127839513096977
device_9,2024-08-05 05:03:15.218914,FAULT,98,3.3102796327270205
device_10,2024-08-05 05:03:15.319684,FAULT,72,1.02150024096016
device_1,2024-08-05 05:03:15.420511,FAULT,65,4.802950085418609
device_2,2024-08-05 05:03:15.521869,FAULT,65,0.6882893742087142
device_3,2024-08-05 05:03:15.622926,OK,96,1.3069092334375738
device_4,2024-08-05 05:03:15.723569,OK,86,0.9836522904910143
device_5,2024-08-05 05:03:15.825004,FAULT,66,3.377868742823685
device_6,2024-08-05 05:03:15.926207,OK,89,1.8096394064451338
device_7,2024-08-05 05:03:16.027153,FAULT,94,4.176312244430878
device_8,2024-08-05 05:03:16.128140,OK,72,2.583710408155454
device_9,2024-08-05 05:03:16.228773,FAULT,96,4.391491052494437
device_10,2024-08-05 05:03:16.329672,OK,98,3.3753466184270806
device_1,2024-08-05 05:03:16.430833,OK,88,3.0993652068357607
device_2,2024-08-05 05:03:16.531664,FAULT,67,1.870736586382628
device_3,2024-08-05 05:03:16.633362,OK,82,3.138011954412967
device_4,2024-08-05 05:03:16.733841,OK,82,4.204907084915712
device_5,2024-08-05 05:03:16.835052,OK,77,2.3929241172200997
device_6,2024-08-05 05:03:16.935824,FAULT,61,4.761109657530595
device_7,2024-08-05 05:03:17.036541,FAULT,94,4.877636642709683
device_8,2024-08-05 05:03:17.137082,FAULT,93,0.5226656765953368
device_9,2024-08-05 05:03:17.238101,OK,66,1.8826775062501198
device_10,2024-08-05 05:03:17.338857,OK,83,0.9845100037211205
device_1,2024-08-05 05:03:17.439533,FAULT,99,3.1279293784638194
device_2,2024-08-05 05:03:17.540851,FAULT,95,4.000517228895102
device_3,2024-08-05 05:03:17.641503,FAULT,62,4.666232989669426
device_4,2024-08-05 05:03:17.742070,FAULT,74,0.9333930498184183
device_5,2024-08-05 05:03:17.843263,OK,83,4.683091675522031
device_6,2024-08-05 05:03:17.944104,OK,68,1.268296126100018
device_7,2024-08-05 05:03:18.044657,FAULT,84,3.4678491437939467
device_8,2024-08-05 05:03:18.145630,OK,71,3.982134220551707
device_9,2024-08-05 05:03:18.247104,OK,74,2.5561995343966046
device_10,2024-08-05 05:03:18.347579,OK,63,2.2936423607875263
device_1,2024-08-05 05:03:18.448303,FAULT,92,3.6418611217032577
device_2,2024-08-05 05:03:18.549291,FAULT,83,3.1014641928313207
device_3,2024-08-05 05:03:18.649947,FAULT,72,2.354062347168331
device_4,2024-08-05 05:03:18.750984,FAULT,86,1.8393285894744054
device_5,2024-08-05 05:03:18.851733,FAULT,96,0.5104032021845901
device_6,2024-08-05 05:03:18.952952,OK,64,3.9668140706029154
device_7,2024-08-05 05:03:19.054013,FAULT,72,4.9380087277968965
device_8,2024-08-05 05:03:19.154613,OK,84,3.22587493274835
device_9,2024-08-05 05:03:19.255440,FAULT,93,2.4804509427215806
device_10,2024-08-05 05:03:19.356306,FAULT,79,3.6162048129496784
device_1,2024-08-05 05:03:19.456915,OK,67,4.156976677328473
device_2,2024-08-05 05:03:19.557675,OK,95,1.6221725801137556
device_3,2024-08-05 05:03:19.658453,FAULT,61,3.858208985260184
device_4,2024-08-05 05:03:19.758998,FAULT,67,4.134114841001651
device_5,2024-08-05 05:03:19.860101,FAULT,68,4.193631493114765
device_6,2024-08-05 05:03:19.960848,OK,77,4.631591367097757
device_7,2024-08-05 05:03:20.061800,FAULT,86,3.835499495779453
device_8,2024-08-05 05:03:20.162236,FAULT,74,1.2402427481815401
device_9,2024-08-05 05:03:20.263010,OK,79,3.638036779294942
device_10,2024-08-05 05:03:20.363837,OK,99,1.8185402251512977
device_1,2024-08-05 05:03:20.464683,OK,69,4.521788287199183
device_2,2024-08-05 05:03:20.565909,OK,82,4.369176071189456
device_3,2024-08-05 05:03:20.666487,FAULT,73,4.606994758412529
device_4,2024-08-05 05:03:20.767709,FAULT,77,1.3099947636050675
device_5,2024-08-05 05:03:20.868615,FAULT,87,4.43166411524232
device_6,2024-08-05 05:03:20.969413,FAULT,70,3.4289384767141384
device_7,2024-08-05 05:03:21.070206,OK,83,4.794589428985649
device_8,2024-08-05 05:03:21.170448,FAULT,95,0.6963503728158246
device_9,2024-08-05 05:03:21.271010,OK,87,4.472363931021709
device_10,2024-08-05 05:03:21.371913,FAULT,73,3.1440565840161563
device_1,2024-08-05 05:03:21.473203,OK,70,1.252848368205535
device_2,2024-08-05 05:03:21.574138,FAULT,76,2.8299081427037467
device_3,2024-08-05 05:03:21.675843,OK,93,4.060697029910905
device_4,2024-08-05 05:03:21.776642,OK,64,4.478824852769011
device_5,2024-08-05 05:03:21.877351,FAULT,62,1.436302375634487
device_6,2024-08-05 05:03:21.978212,FAULT,82,3.0335166743377933
device_7,2024-08-05 05:03:22.079242,FAULT,66,2.7662505400308444
device_8,2024-08-05 05:03:22.179522,OK,67,4.297678577985501
device_9,2024-08-05 05:03:22.280597,OK,87,4.178438727454907
device_10,2024-08-05 05:03:22.381818,OK,74,1.276870575143948
device_1,2024-08-05 05:03:22.482493,FAULT,79,2.1981415267140996
device_2,2024-08-05 05:03:22.583156,OK,88,3.1125935884065927
device_3,2024-08-05 05:03:22.683814,OK,93,0.9644201285890264
device_4,2024-08-05 05:03:22.784569,OK,91,3.1750436451211113
device_5,2024-08-05 05:03:22.885588,FAULT,88,3.4218272219763732
device_6,2024-08-05 05:03:22.986532,OK,61,0.9186560913722345
device_7,2024-08-05 05:03:23.087070,OK,92,3.568230290010875
device_8,2024-08-05 05:03:23.187321,OK,93,1.3741467456667475
device_9,2024-08-05 05:03:23.288305,FAULT,85,2.613543606039124
device_10,2024-08-05 05:03:23.388921,FAULT,91,2.1015342560615107
device_1,2024-08-05 05:03:23.489660,OK,84,3.0825986178444906
device_2,2024-08-05 05:03:23.590704,OK,64,1.19549978611672
device_3,2024-08-05 05:03:23.691709,FAULT,60,4.319045208533387
device_4,2024-08-05 05:03:23.793065,FAULT,64,2.5711085827570694
device_5,2024-08-05 05:03:23.893309,OK,63,2.4080743526129127
device_6,2024-08-05 05:03:23.993835,OK,95,0.5443358424261275
device_7,2024-08-05 05:03:24.094547,FAULT,94,2.4441800913545504
device_8,2024-08-05 05:03:24.194949,FAULT,81,3.5362123983426286
device_9,2024-08-05 05:03:24.295843,OK,67,1.4847487128787125
device_10,2024-08-05 05:03:24.396826,FAULT,67,1.4323425816379012
device_1,2024-08-05 05:03:24.498447,OK,62,4.624480825110513
device_2,2024-08-05 05:03:24.599147,OK,73,4.288013508623267
device_3,2024-08-05 05:03:24.699967,FAULT,79,1.6461147246973982
device_4,2024-08-05 05:03:24.801207,FAULT,68,1.4859092051490315
device_5,2024-08-05 05:03:24.902227,OK,63,1.722916243663585
device_6,2024-08-05 05:03:25.002682,OK,84,4.897112128205294
device_7,2024-08-05 05:03:25.103365,FAULT,78,2.4598548411681502
device_8,2024-08-05 05:03:25.203854,OK,71,0.7214069946847455
device_9,2024-08-05 05:03:25.304707,OK,66,1.4975204474899542
device_10,2024-08-05 05:03:25.405995,OK,85,2.5499742926810876
device_1,2024-08-05 05:03:25.507061,FAULT,92,3.2962007284963883
device_2,2024-08-05 05:03:25.607987,FAULT,62,0.8501727572291673
device_3,2024-08-05 05:03:25.709480,FAULT,61,0.9002929363548827
device_4,2024-08-05 05:03:25.810200,OK,77,3.4224900837709518
device_5,2024-08-05 05:03:25.910872,FAULT,99,2.6231480985565208
device_6,2024-08-05 05:03:26.012074,OK,76,0.7080002492815147
device_7,2024-08-05 05:03:26.112781,FAULT,60,4.2128598427562585
device_8,2024-08-05 05:03:26.213292,FAULT,95,1.9419892385276567
device_9,2024-08-05 05:03:26.314314,FAULT,78,1.764568342402174
device_10,2024-08-05 05:03:26.415590,FAULT,74,0.6965117921783877
device_1,2024-08-05 05:03:26.516420,FAULT,86,0.7640001450893964
device_2,2024-08-05 05:03:26.617509,FAULT,60,1.4170926956642655
device_3,2024-08-05 05:03:26.718450,OK,70,2.3875300510252595
device_4,2024-08-05 05:03:26.818865,FAULT,95,3.527997472741373
device_5,2024-08-05 05:03:26.919626,OK,97,3.5308972323881083
device_6,2024-08-05 05:03:27.020184,FAULT,96,2.856141044690392
device_7,2024-08-05 05:03:27.120909,FAULT,97,3.264245070144095
device_8,2024-08-05 05:03:27.221405,OK,65,4.944767700521705
device_9,2024-08-05 05:03:27.322031,OK,85,1.5850643199958256
device_10,2024-08-05 05:03:27.423114,OK,66,0.7777235836711851
device_1,2024-08-05 05:03:27.523924,OK,84,3.009541054116165
device_2,2024-08-05 05:03:27.625215,FAULT,76,4.988129695166609
device_3,2024-08-05 05:03:27.726093,FAULT,71,0.5302245780729908
device_4,2024-08-05 05:03:27.826671,FAULT,86,4.194769195080394
device_5,2024-08-05 05:03:27.927678,OK,82,3.4217296487525504
device_6,2024-08-05 05:03:28.028167,FAULT,79,2.4561560742572563
device_7,2024-08-05 05:03:28.128781,FAULT,84,1.739324394756828
device_8,2024-08-05 05:03:28.229237,OK,92,2.8058051872948813
device_9,2024-08-05 05:03:28.329962,OK,95,3.7668238580634945
device_10,2024-08-05 05:03:28.430555,OK,87,4.003416836185118
device_1,2024-08-05 05:03:28.531690,OK,94,0.7085294498151545
device_2,2024-08-05 05:03:28.632634,OK,66,1.3688501851019468
device_3,2024-08-05 05:03:28.733384,OK,68,4.075313010216979
device_4,2024-08-05 05:03:28.833863,OK,85,3.4147518448397842
device_5,2024-08-05 05:03:28.934722,OK,63,1.5461592392416652
device_6,2024-08-05 05:03:29.035665,OK,88,0.6150902819716226
device_7,2024-08-05 05:03:29.136057,OK,74,2.8308439024809484
device_8,2024-08-05 05:03:29.236855,OK,87,1.8387598040311584
device_9,2024-08-05 05:03:29.337636,FAULT,96,1.472834627962155
device_10,2024-08-05 05:03:29.438993,FAULT,90,0.5557948204699854
device_1,2024-08-05 05:03:29.539891,FAULT,64,3.393898720710173
device_2,2024-08-05 05:03:29.640952,OK,86,4.107610066695754
device_3,2024-08-05 05:03:29.741634,FAULT,66,4.367537401382368
device_4,2024-08-05 05:03:29.842541,OK,94,3.985298362403858
device_5,2024-08-05 05:03:29.943663,OK,94,1.1005405336213725
device_6,2024-08-05 05:03:30.044550,OK,73,3.0546027168817247
device_7,2024-08-05 05:03:30.145125,FAULT,79,4.703752879381658
device_8,2024-08-05 05:03:30.245848,FAULT,88,4.082665618150758
device_9,2024-08-05 05:03:30.347088,FAULT,81,1.5312413280526047
device_10,2024-08-05 05:03:30.447899,FAULT,93,1.9204616040076248
device_1,2024-08-05 05:03:30.548731,FAULT,90,4.866616095587969
device_2,2024-08-05 05:03:30.649834,OK,80,0.6846712958336452
device_3,2024-08-05 05:03:30.750937,FAULT,95,3.8215848959997
device_4,2024-08-05 05:03:30.851649,OK,98,4.840971602060045
device_5,2024-08-05 05:03:30.952477,FAULT,76,2.470096117890833
device_6,2024-08-05 05:03:31.053995,OK,67,4.1627256018357315
device_7,2024-08-05 05:03:31.154784,OK,83,3.3403481885167183
device_8,2024-08-05 05:03:31.255250,OK,99,2.878396689586312
device_9,2024-08-05 05:03:31.355616,OK,99,3.4705623411744124
device_10,2024-08-05 05:03:31.456371,OK,92,1.40064750417343
device_1,2024-08-05 05:03:31.557182,OK,64,4.385390555043056
device_2,2024-08-05 05:03:31.658028,FAULT,68,2.606408592003885
device_3,2024-08-05 05:03:31.758811,OK,88,1.6903777823712136
device_4,2024-08-05 05:03:31.860051,FAULT,81,2.8405056673594236
device_5,2024-08-05 05:03:31.961095,FAULT,76,1.235223913053085
device_6,2024-08-05 05:03:32.061649,OK,85,1.0889446213198717
device_7,2024-08-05 05:03:32.162147,OK,95,4.152784930482002
device_8,2024-08-05 05:03:32.262766,OK,72,1.988691131184617
device_9,2024-08-05 05:03:32.363312,FAULT,77,3.6360296223568764
device_10,2024-08-05 05:03:32.464332,OK,79,3.098113284385214
device_1,2024-08-05 05:03:32.565375,FAULT,80,1.3398441419989813
device_2,2024-08-05 05:03:32.665801,OK,89,2.5931013152167175
device_3,2024-08-05 05:03:32.766786,OK,60,3.3220931687383892
device_4,2024-08-05 05:03:32.867476,FAULT,67,2.0389978074096637
device_5,2024-08-05 05:03:32.968280,FAULT,93,2.494335477898642
device_6,2024-08-05 05:03:33.068888,OK,86,3.168767372883356
device_7,2024-08-05 05:03:33.170105,FAULT,69,1.0589370252137322
device_8,2024-08-05 05:03:33.270414,FAULT,61,2.7430377485523447
device_9,2024-08-05 05:03:33.371249,FAULT,94,4.973797242612617
device_10,2024-08-05 05:03:33.471955,OK,75,4.42531570970273
device_1,2024-08-05 05:03:33.572420,OK,77,2.9781883998796546
device_2,2024-08-05 05:03:33.673378,FAULT,84,1.1574024069879696
device_3,2024-08-05 05:03:33.774068,OK,71,3.259472216647242
device_4,2024-08-05 05:03:33.875106,OK,77,2.27968347916105
device_5,2024-08-05 05:03:33.976340,FAULT,98,3.486793086330803
device_6,2024-08-05 05:03:34.077196,FAULT,97,3.969536121182093
device_7,2024-08-05 05:03:34.177918,FAULT,73,1.7470895749723985
device_8,2024-08-05 05:03:34.278405,FAULT,97,3.1939734859947633
device_9,2024-08-05 05:03:34.379184,OK,64,4.819896158404119
device_10,2024-08-05 05:03:34.479932,OK,76,4.035344561561136
device_1,2024-08-05 05:03:34.580804,OK,62,1.8966335541672503
device_2,2024-08-05 05:03:34.681841,OK,67,2.606006323073444
device_3,2024-08-05 05:03:34.782705,OK,90,0.8224330115379854
device_4,2024-08-05 05:03:34.883464,FAULT,73,2.6688460144665114
device_5,2024-08-05 05:03:34.983851,FAULT,99,2.3421278546420403
device_6,2024-08-05 05:03:35.084583,OK,85,1.7442847364483987
device_7,2024-08-05 05:03:35.185258,FAULT,62,1.699655962057051
device_8,2024-08-05 05:03:35.285902,FAULT,91,3.111179587971965
device_9,2024-08-05 05:03:35.386591,FAULT,75,1.0467358115713359
device_10,2024-08-05 05:03:35.487355,OK,86,4.543301437078425
device_1,2024-08-05 05:03:35.588479,OK,69,4.811393060845933
device_2,2024-08-05 05:03:35.689246,FAULT,62,2.3381497018847233
device_3,2024-08-05 05:03:35.790087,OK,98,0.8871938358019117
device_4,2024-08-05 05:03:35.890558,OK,67,2.7730177565160488
device_5,2024-08-05 05:03:35.991853,OK,74,4.83928133571595
device_6,2024-08-05 05:03:36.092396,FAULT,78,0.8239618393994838
device_7,2024-08-05 05:03:36.192905,OK,80,3.5568841699910196
device_8,2024-08-05 05:03:36.293368,FAULT,99,4.750174356249434
device_9,2024-08-05 05:03:36.393858,FAULT,66,4.789727512517352
device_10,2024-08-05 05:03:36.494465,FAULT,68,2.1736085781921735
device_1,2024-08-05 05:03:36.595194,FAULT,62,2.372666194443603
device_2,2024-08-05 05:03:36.695684,FAULT,73,0.9737090922169391
device_3,2024-08-05 05:03:36.796463,OK,84,1.1788610684107972
device_4,2024-08-05 05:03:36.896912,FAULT,60,3.710568040395673
device_5,2024-08-05 05:03:36.997518,OK,77,4.505560018005395
device_6,2024-08-05 05:03:37.098382,FAULT,75,1.7540333538458786
device_7,2024-08-05 05:03:37.199381,FAULT,88,2.0748406690042374
device_8,2024-08-05 05:03:37.300225,OK,98,3.9203372471328897
device_9,2024-08-05 05:03:37.400982,OK,95,2.685937005372866
device_10,2024-08-05 05:03:37.502191,FAULT,65,1.7652359632181882
device_1,2024-08-05 05:03:37.603043,FAULT,84,4.799546183190136
device_2,2024-08-05 05:03:37.703847,OK,97,3.0923248483229537
device_3,2024-08-05 05:03:37.804739,OK,91,0.8941859937050507
device_4,2024-08-05 05:03:37.905149,OK,83,2.3434786220052466
device_5,2024-08-05 05:03:38.006555,OK,61,1.7026457037725808
device_6,2024-08-05 05:03:38.107105,FAULT,87,4.834630095331264
device_7,2024-08-05 05:03:38.208541,OK,63,3.499411743767621
device_8,2024-08-05 05:03:38.308879,OK,61,1.151901532336754
device_9,2024-08-05 05:03:38.409673,OK,86,1.0279371488437328
device_10,2024-08-05 05:03:38.510457,OK,97,1.6576405853022542
device_1,2024-08-05 05:03:38.611005,FAULT,89,3.191599027201483
device_2,2024-08-05 05:03:38.711870,FAULT,98,2.280398801507904
device_3,2024-08-05 05:03:38.812712,FAULT,78,2.2534707377684935
device_4,2024-08-05 05:03:38.913492,FAULT,83,2.6203644267736492
device_5,2024-08-05 05:03:39.013828,FAULT,95,4.528280306869982
device_6,2024-08-05 05:03:39.114516,OK,66,1.1582899086052498
device_7,2024-08-05 05:03:39.215184,OK,79,2.0904276104273656
device_8,2024-08-05 05:03:39.315990,FAULT,82,2.856209950000083
device_9,2024-08-05 05:03:39.416497,OK,96,0.9309912012649217
device_10,2024-08-05 05:03:39.517270,FAULT,70,3.9804522182102673
device_1,2024-08-05 05:03:39.618137,OK,66,0.9341080829700784
device_2,2024-08-05 05:03:39.718847,FAULT,72,4.505807049061208
device_3,2024-08-05 05:03:39.819769,FAULT,93,2.680276314540014
device_4,2024-08-05 05:03:39.920579,FAULT,77,1.711912769453424
device_5,2024-08-05 05:03:40.021360,FAULT,87,4.135860885487329
device_6,2024-08-05 05:03:40.121974,OK,86,1.8480248879602632
device_7,2024-08-05 05:03:40.222576,OK,96,4.227365494360319
device_8,2024-08-05 05:03:40.323051,OK,69,1.936063634071845
device_9,2024-08-05 05:03:40.423612,FAULT,96,2.3321077286736682
device_10,2024-08-05 05:03:40.524694,OK,85,0.6480482277033502
device_1,2024-08-05 05:03:40.625474,FAULT,95,4.68921246905248
device_2,2024-08-05 05:03:40.726174,OK,87,0.83675049195697
device_3,2024-08-05 05:03:40.827355,OK,73,4.037356077473658
device_4,2024-08-05 05:03:40.928708,FAULT,84,2.0636612302615447
device_5,2024-08-05 05:03:41.029681,OK,65,0.5182843516536323
device_6,2024-08-05 05:03:41.131235,FAULT,72,1.372084860682799
device_7,2024-08-05 05:03:41.231677,FAULT,87,1.5277854322136655
device_8,2024-08-05 05:03:41.332085,OK,90,1.2536806158220963
device_9,2024-08-05 05:03:41.433106,OK,93,0.7437101450534647
device_10,2024-08-05 05:03:41.534102,FAULT,77,1.5500361791048567
device_1,2024-08-05 05:03:41.634909,OK,65,3.349598349945473
device_2,2024-08-05 05:03:41.735823,OK,63,2.883454956828123
device_3,2024-08-05 05:03:41.836787,FAULT,66,0.7375573067799721
device_4,2024-08-05 05:03:41.937305,OK,69,4.832269072302624
device_5,2024-08-05 05:03:42.038140,FAULT,73,2.997067574305757
device_6,2024-08-05 05:03:42.138572,FAULT,70,4.219795116458593
device_7,2024-08-05 05:03:42.239137,FAULT,84,2.7830124073242657
device_8,2024-08-05 05:03:42.339772,OK,95,1.8733981069282397
device_9,2024-08-05 05:03:42.440721,OK,94,3.281993571568553
device_10,2024-08-05 05:03:42.541018,OK,86,2.641360250914732
device_1,2024-08-05 05:03:42.641475,FAULT,68,1.893951553618801
device_2,2024-08-05 05:03:42.742171,FAULT,79,3.1063054327526403
device_3,2024-08-05 05:03:42.842702,OK,73,3.01382002629301
device_4,2024-08-05 05:03:42.943215,FAULT,90,2.1708808871809673
device_5,2024-08-05 05:03:43.043911,FAULT,75,1.2480243026927005
device_6,2024-08-05 05:03:43.144418,OK,73,4.37747253849261
device_7,2024-08-05 05:03:43.245081,OK,99,1.7838839201800893
device_8,2024-08-05 05:03:43.346092,OK,79,3.209075745645423
device_9,2024-08-05 05:03:43.446960,OK,73,2.9608433666621985
device_10,2024-08-05 05:03:43.547715,FAULT,75,3.3368629945315904
device_1,2024-08-05 05:03:43.648176,OK,64,2.123605265498364
device_2,2024-08-05 05:03:43.749555,FAULT,76,1.4524670904377641
device_3,2024-08-05 05:03:43.849905,FAULT,97,4.078707187213121
device_4,2024-08-05 05:03:43.953811,OK,70,3.597400867016044
device_5,2024-08-05 05:03:44.054789,OK,77,4.508080199605119
device_6,2024-08-05 05:03:44.155486,FAULT,90,2.3394711397307533
device_7,2024-08-05 05:03:44.256207,FAULT,72,3.417549811840508
device_8,2024-08-05 05:03:44.357338,OK,78,3.79909807968521
device_9,2024-08-05 05:03:44.458077,FAULT,94,1.7490017977073875
device_10,2024-08-05 05:03:44.558778,FAULT,83,3.1750232750517338
device_1,2024-08-05 05:03:44.659428,OK,98,1.8313033900732771
device_2,2024-08-05 05:03:44.760058,OK,71,2.2576013407656292
device_3,2024-08-05 05:03:44.861177,FAULT,97,1.880556141536415
device_4,2024-08-05 05:03:44.961695,OK,62,0.7667501379844173
device_5,2024-08-05 05:03:45.062943,OK,69,1.756651344869352
device_6,2024-08-05 05:03:45.163573,OK,61,3.796502283985183
device_7,2024-08-05 05:03:45.264370,FAULT,91,2.5654537440004024
device_8,2024-08-05 05:03:45.364960,OK,93,1.3409162487831647
device_9,2024-08-05 05:03:45.465884,OK,61,1.8044298223241724
device_10,2024-08-05 05:03:45.566766,FAULT,87,2.21559995090459
device_1,2024-08-05 05:03:45.667292,FAULT,84,1.720257113445783
device_2,2024-08-05 05:03:45.768157,OK,72,2.1646910842975173
device_3,2024-08-05 05:03:45.868998,OK,86,3.5200599964238735
device_4,2024-08-05 05:03:45.969958,FAULT,98,4.074585151802934
device_5,2024-08-05 05:03:46.070842,OK,74,0.9119291804219838
device_6,2024-08-05 05:03:46.171678,FAULT,77,2.373578294385914
device_7,2024-08-05 05:03:46.272263,FAULT,78,2.395413143232766
device_8,2024-08-05 05:03:46.372950,FAULT,67,4.196976935449627
device_9,2024-08-05 05:03:46.473503,OK,63,2.7683975129583374
device_10,2024-08-05 05:03:46.573901,OK,98,3.9807714894517683
device_1,2024-08-05 05:03:46.674322,OK,89,2.768520798614869
device_2,2024-08-05 05:03:46.774844,FAULT,76,2.987935176500891
device_3,2024-08-05 05:03:46.875477,OK,77,4.940422528674057
device_4,2024-08-05 05:03:46.975744,FAULT,79,4.23577477988337
device_5,2024-08-05 05:03:47.076440,FAULT,75,4.335405250332583
device_6,2024-08-05 05:03:47.177220,FAULT,79,1.2851883400764235
device_7,2024-08-05 05:03:47.277781,OK,87,3.860613581657172
device_8,2024-08-05 05:03:47.378366,FAULT,84,2.488208149828761
device_9,2024-08-05 05:03:47.478997,OK,65,4.210985520289926
device_10,2024-08-05 05:03:47.579390,FAULT,94,1.3590949055183912
device_1,2024-08-05 05:03:47.680243,FAULT,69,3.4712719903614513
device_2,2024-08-05 05:03:47.781270,FAULT,64,3.417975330134642
device_3,2024-08-05 05:03:47.882388,OK,75,1.4649654076707959
device_4,2024-08-05 05:03:47.983108,FAULT,64,0.6785700503711796
device_5,2024-08-05 05:03:48.083706,OK,70,4.223247846861915
device_6,2024-08-05 05:03:48.184742,OK,72,2.418412138075451
device_7,2024-08-05 05:03:48.285094,FAULT,94,4.635563963154081
device_8,2024-08-05 05:03:48.385927,OK,75,1.7500043764764497
device_9,2024-08-05 05:03:48.486652,OK,86,4.516803943681679
device_10,2024-08-05 05:03:48.587437,FAULT,82,0.590942911822282
device_1,2024-08-05 05:03:48.688090,OK,70,3.271786742920308
device_2,2024-08-05 05:03:48.789092,FAULT,65,4.856214912806218
device_3,2024-08-05 05:03:48.889792,FAULT,69,2.043568395436018
device_4,2024-08-05 05:03:48.990652,OK,93,3.344844920983136
device_5,2024-08-05 05:03:49.091637,OK,89,3.693424355606859
device_6,2024-08-05 05:03:49.192531,OK,73,2.0506578171711416
device_7,2024-08-05 05:03:49.293001,FAULT,72,2.403864043395436
device_8,2024-08-05 05:03:49.393498,OK,66,3.7260880182545852
device_9,2024-08-05 05:03:49.494231,FAULT,99,4.505801936191171
device_10,2024-08-05 05:03:49.594705,OK,97,3.9525571729082514
device_1,2024-08-05 05:03:49.695675,FAULT,66,4.9316928668869835
device_2,2024-08-05 05:03:49.796579,OK,92,4.352615229021281
device_3,2024-08-05 05:03:49.897807,FAULT,82,4.782478844181851
device_4,2024-08-05 05:03:49.998519,FAULT,90,4.04707732165955
device_5,2024-08-05 05:03:50.099341,OK,62,3.082756564404125
device_6,2024-08-05 05:03:50.199875,FAULT,94,2.233578214784629
device_7,2024-08-05 05:03:50.300662,OK,76,3.5730373655111354
device_8,2024-08-05 05:03:50.401274,FAULT,92,1.1444295046060233
device_9,2024-08-05 05:03:50.501798,FAULT,88,4.052368648025915
device_10,2024-08-05 05:03:50.602535,FAULT,99,0.991220449316051
device_1,2024-08-05 05:03:50.703406,FAULT,78,1.1755775914542645
device_2,2024-08-05 05:03:50.804772,FAULT,61,3.8577404920396576
device_3,2024-08-05 05:03:50.905411,OK,83,0.6822312885984563
device_4,2024-08-05 05:03:51.006065,OK,72,0.7543280956667544
device_5,2024-08-05 05:03:51.107150,OK,96,3.1127937571379833
device_6,2024-08-05 05:03:51.208197,FAULT,68,2.0513398532936726
device_7,2024-08-05 05:03:51.309103,OK,85,1.1327914586940144
device_8,2024-08-05 05:03:51.409460,FAULT,80,1.0355116060354197
device_9,2024-08-05 05:03:51.510070,OK,95,2.0373239320869976
device_10,2024-08-05 05:03:51.611015,OK,86,1.165498007413526
device_1,2024-08-05 05:03:51.712043,FAULT,72,0.9181279599786126
device_2,2024-08-05 05:03:51.813261,FAULT,88,4.442370871520575
device_3,2024-08-05 05:03:51.914010,FAULT,78,3.942184806222265
device_4,2024-08-05 05:03:52.014937,FAULT,60,0.6757277562502652
device_5,2024-08-05 05:03:52.115544,OK,98,1.859640921861109
device_6,2024-08-05 05:03:52.216667,OK,77,4.208217761089811
device_7,2024-08-05 05:03:52.317752,FAULT,65,2.788240011985299
device_8,2024-08-05 05:03:52.418698,OK,90,4.619607598741428
device_9,2024-08-05 05:03:52.519831,FAULT,60,4.9345351057501565
device_10,2024-08-05 05:03:52.620621,FAULT,67,1.899100866192181
device_1,2024-08-05 05:03:52.721782,OK,65,1.3875489875208675
device_2,2024-08-05 05:03:52.822908,OK,70,3.01164181991572
device_3,2024-08-05 05:03:52.924395,OK,60,1.812558389546771
device_4,2024-08-05 05:03:53.025727,OK,63,0.864835017361181
device_5,2024-08-05 05:03:53.126402,OK,91,2.219052954924778
device_6,2024-08-05 05:03:53.227277,OK,98,2.5379551931786124
device_7,2024-08-05 05:03:53.328010,OK,81,3.5142356061261784
device_8,2024-08-05 05:03:53.428419,OK,62,3.20646515887342
device_9,2024-08-05 05:03:53.529283,FAULT,68,0.9605294314538143
device_10,2024-08-05 05:03:53.630160,FAULT,71,4.290752755132941
device_1,2024-08-05 05:03:53.730757,FAULT,92,2.503576801963876
device_2,2024-08-05 05:03:53.831729,OK,96,3.0325261652482376
device_3,2024-08-05 05:03:53.932260,FAULT,67,3.9282543421645806
device_4,2024-08-05 05:03:54.032890,FAULT,60,2.4313023255884705
device_5,2024-08-05 05:03:54.133719,FAULT,62,0.5543269411001124
device_6,2024-08-05 05:03:54.234826,OK,61,0.7468784355014699
device_7,2024-08-05 05:03:54.335914,FAULT,62,4.306241019389886
device_8,2024-08-05 05:03:54.436350,OK,82,2.035644166319817
device_9,2024-08-05 05:03:54.537411,OK,66,1.2815148874966453
device_10,2024-08-05 05:03:54.638166,OK,80,4.421258770133873
device_1,2024-08-05 05:03:54.739272,OK,78,3.7423194300310816
device_2,2024-08-05 05:03:54.840321,FAULT,96,1.745153022331189
device_3,2024-08-05 05:03:54.941474,FAULT,76,1.888248269940444
device_4,2024-08-05 05:03:55.042489,FAULT,99,4.619491034187447
device_5,2024-08-05 05:03:55.143716,OK,89,1.145766469628946
device_6,2024-08-05 05:03:55.244919,OK,92,1.3203342168351124
device_7,2024-08-05 05:03:55.345697,FAULT,62,1.2945112562627255
device_8,2024-08-05 05:03:55.446307,FAULT,73,2.5673397816157237
device_9,2024-08-05 05:03:55.547247,FAULT,98,1.331623777570282
device_10,2024-08-05 05:03:55.647832,OK,73,2.0504418313194988
device_1,2024-08-05 05:03:55.748761,OK,99,2.527369559347906
device_2,2024-08-05 05:03:55.849812,FAULT,99,4.717921805534461
device_3,2024-08-05 05:03:55.950838,FAULT,64,1.6171375062983329
device_4,2024-08-05 05:03:56.051868,OK,77,3.9685825007843594
device_5,2024-08-05 05:03:56.153278,OK,65,1.5535430968006958
device_6,2024-08-05 05:03:56.255041,OK,86,3.881943837811439
device_7,2024-08-05 05:03:56.355470,FAULT,73,3.196084283834198
device_8,2024-08-05 05:03:56.456272,OK,64,2.808425508589213
device_9,2024-08-05 05:03:56.556771,OK,72,3.799691589569237
device_10,2024-08-05 05:03:56.658052,FAULT,80,1.6496658777488953
device_1,2024-08-05 05:03:56.759206,OK,73,2.3709427267313083
device_2,2024-08-05 05:03:56.859699,FAULT,98,1.5500043506158478
device_3,2024-08-05 05:03:56.960631,FAULT,73,2.9841919689743555
device_4,2024-08-05 05:03:57.061450,OK,66,0.7640797809239546
device_5,2024-08-05 05:03:57.162351,FAULT,75,4.42753725128121
device_6,2024-08-05 05:03:57.263150,FAULT,80,1.1206636396692073
device_7,2024-08-05 05:03:57.364058,FAULT,71,2.8361123469518748
device_8,2024-08-05 05:03:57.464625,FAULT,67,0.8662366460619455
device_9,2024-08-05 05:03:57.565261,FAULT,68,4.746112187245513
device_10,2024-08-05 05:03:57.666274,OK,68,1.3408570749224529
device_1,2024-08-05 05:03:57.767411,OK,88,2.7228766214526043
device_2,2024-08-05 05:03:57.868599,OK,71,1.0590534599368229
device_3,2024-08-05 05:03:57.969770,OK,77,2.2589108139046163
device_4,2024-08-05 05:03:58.071461,OK,87,4.821050033212411
device_5,2024-08-05 05:03:58.172205,OK,74,2.0785241983184792
device_6,2024-08-05 05:03:58.273060,OK,98,3.9165688101983314
device_7,2024-08-05 05:03:58.373445,FAULT,72,4.859937474474996
device_8,2024-08-05 05:03:58.473922,OK,84,1.4697431653776476
device_9,2024-08-05 05:03:58.575804,OK,79,4.518912073825847
device_10,2024-08-05 05:03:58.676175,FAULT,95,0.5857276753486657
device_1,2024-08-05 05:03:58.777444,OK,68,1.1848260197216556
device_2,2024-08-05 05:03:58.878413,FAULT,91,4.633199288942128
device_3,2024-08-05 05:03:58.979450,OK,88,1.554666956329568
device_4,2024-08-05 05:03:59.080252,FAULT,98,4.037985908333544
device_5,2024-08-05 05:03:59.181202,FAULT,72,3.11358772454552
device_6,2024-08-05 05:03:59.282100,OK,69,1.5091884278471253
device_7,2024-08-05 05:03:59.383042,OK,80,1.8104549539472248
device_8,2024-08-05 05:03:59.483353,OK,85,4.450377353302511
device_9,2024-08-05 05:03:59.583951,FAULT,83,1.857973147429393
device_10,2024-08-05 05:03:59.684352,OK,79,2.5625941614970773
device_1,2024-08-05 05:03:59.784712,OK,90,3.611787236767767
device_2,2024-08-05 05:03:59.885523,FAULT,62,1.88969125993101
device_3,2024-08-05 05:03:59.986097,FAULT,82,4.247588571457413
device_4,2024-08-05 05:04:00.086754,FAULT,88,4.108646001563969
device_5,2024-08-05 05:04:00.187180,FAULT,84,2.5488727774486417
device_6,2024-08-05 05:04:00.287737,OK,77,4.795631586769056
device_7,2024-08-05 05:04:00.388258,OK,62,0.8490319196222431
device_8,2024-08-05 05:04:00.488940,OK,96,3.015583125227247
device_9,2024-08-05 05:04:00.589534,FAULT,63,2.6486601109490993
device_10,2024-08-05 05:04:00.690054,OK,62,2.8381584601007543
device_1,2024-08-05 05:04:00.790919,FAULT,75,1.193167387493813
device_2,2024-08-05 05:04:00.891801,FAULT,98,3.0486390390504843
device_3,2024-08-05 05:04:00.992327,FAULT,99,0.973751901550183
device_4,2024-08-05 05:04:01.093092,FAULT,63,0.6221651218440528
device_5,2024-08-05 05:04:01.193758,FAULT,65,4.721966909949719
device_6,2024-08-05 05:04:01.294572,OK,73,0.7764772571885212
device_7,2024-08-05 05:04:01.395349,OK,91,3.723038561827877
device_8,2024-08-05 05:04:01.495980,OK,64,1.5479019513255525
device_9,2024-08-05 05:04:01.596676,FAULT,94,2.614616717307737
device_10,2024-08-05 05:04:01.697434,OK,70,3.44403508990662
device_1,2024-08-05 05:04:01.798247,OK,68,1.7335921814455513
device_2,2024-08-05 05:04:01.898569,FAULT,85,2.6318089523257955
device_3,2024-08-05 05:04:01.999358,OK,73,2.939799612795361
device_4,2024-08-05 05:04:02.099745,FAULT,91,4.347680426149392
device_5,2024-08-05 05:04:02.200625,OK,75,1.2492434612542591
device_6,2024-08-05 05:04:02.301287,OK,97,4.498199667267402
device_7,2024-08-05 05:04:02.402378,OK,74,3.2442842609267295
device_8,2024-08-05 05:04:02.502945,OK,74,1.5816078494862533
device_9,2024-08-05 05:04:02.603756,OK,66,4.594535099549708
device_10,2024-08-05 05:04:02.704477,FAULT,99,3.455456774607319
device_1,2024-08-05 05:04:02.805135,FAULT,68,3.9371125628742867
device_2,2024-08-05 05:04:02.906084,FAULT,66,3.5614112156255304
device_3,2024-08-05 05:04:03.006925,FAULT,87,3.2604952897861756
device_4,2024-08-05 05:04:03.107306,OK,60,1.4133978877698703
device_5,2024-08-05 05:04:03.207988,OK,68,2.4611336619403072
device_6,2024-08-05 05:04:03.308685,OK,82,4.413093812826069
device_7,2024-08-05 05:04:03.409153,FAULT,75,2.7481786139732707
device_8,2024-08-05 05:04:03.509462,FAULT,84,4.67094308367725
device_9,2024-08-05 05:04:03.609960,FAULT,94,2.211145992562387
device_10,2024-08-05 05:04:03.710620,OK,95,3.4739624846785326
device_1,2024-08-05 05:04:03.811194,OK,72,0.8536607490973434
device_2,2024-08-05 05:04:03.911611,OK,98,1.5137607799125736
device_3,2024-08-05 05:04:04.012250,OK,99,0.505257470161317
device_4,2024-08-05 05:04:04.123854,OK,85,1.5482857171927291
device_5,2024-08-05 05:04:04.224554,FAULT,89,1.4837375579723842
device_6,2024-08-05 05:04:04.324955,OK,89,1.699110247972789
device_7,2024-08-05 05:04:04.425258,FAULT,75,0.7955712320942769
device_8,2024-08-05 05:04:04.525507,OK,70,4.58037735154257
device_9,2024-08-05 05:04:04.626111,OK,95,3.316802334252037
device_10,2024-08-05 05:04:04.726496,FAULT,73,2.6125392723699807
device_1,2024-08-05 05:04:04.826927,OK,81,4.223027832197488
device_2,2024-08-05 05:04:04.927158,OK,81,1.0824717761227933
device_3,2024-08-05 05:04:05.027484,OK,95,0.9683528675377799
device_4,2024-08-05 05:04:05.127830,OK,60,3.5510934711530435
device_5,2024-08-05 05:04:05.228297,OK,79,1.946796921661285
device_6,2024-08-05 05:04:05.329025,OK,89,2.115489964713366
device_7,2024-08-05 05:04:05.429611,OK,74,1.6533363871411881
device_8,2024-08-05 05:04:05.530089,OK,63,3.6663309499879246
device_9,2024-08-05 05:04:05.630581,OK,83,3.6377549112518643
device_10,2024-08-05 05:04:05.731357,OK,90,1.4066905407740253
device_1,2024-08-05 05:04:05.831897,OK,75,1.365611839071492
device_2,2024-08-05 05:04:05.935550,OK,69,4.926014539784345
device_3,2024-08-05 05:04:06.036918,FAULT,78,3.0205728649486367
device_4,2024-08-05 05:04:06.137458,OK,87,3.1995985188884295
device_5,2024-08-05 05:04:06.237902,OK,87,2.831788874620651
device_6,2024-08-05 05:04:06.338607,FAULT,73,1.912456857313218
device_7,2024-08-05 05:04:06.439191,OK,72,0.5289687735230479
device_8,2024-08-05 05:04:06.539840,FAULT,67,4.645027658855286
device_9,2024-08-05 05:04:06.640602,FAULT,89,1.8770671729656296
device_10,2024-08-05 05:04:06.741037,OK,79,3.007744860228467
device_1,2024-08-05 05:04:06.841505,OK,69,1.8411987900174729
device_2,2024-08-05 05:04:06.942157,FAULT,65,3.621427391220817
device_3,2024-08-05 05:04:07.042848,OK,99,4.135424062255002
device_4,2024-08-05 05:04:07.143537,FAULT,73,3.5988679078572874
device_5,2024-08-05 05:04:07.246756,OK,78,2.6363010657455357
device_6,2024-08-05 05:04:07.347471,FAULT,94,2.5858872645688824
device_7,2024-08-05 05:04:07.448086,FAULT,98,1.5942530413590799
device_8,2024-08-05 05:04:07.548590,FAULT,94,4.1252531278177145
device_9,2024-08-05 05:04:07.649785,OK,99,4.960550888111144
device_10,2024-08-05 05:04:07.750308,OK,81,1.6852460715175022
device_1,2024-08-05 05:04:07.851294,FAULT,72,3.3067786416239393
device_2,2024-08-05 05:04:07.952375,OK,70,3.5535577751278296
device_3,2024-08-05 05:04:08.053128,OK,97,0.8760121258024244
device_4,2024-08-05 05:04:08.153889,FAULT,94,4.128335640874605
device_5,2024-08-05 05:04:08.254537,FAULT,60,2.6575099075087016
device_6,2024-08-05 05:04:08.355072,OK,73,3.6768393001508817
device_7,2024-08-05 05:04:08.455404,OK,64,3.1302827102807766
device_8,2024-08-05 05:04:08.555986,OK,74,0.9661444122141778
device_9,2024-08-05 05:04:08.656669,FAULT,99,3.774699774995973
device_10,2024-08-05 05:04:08.757536,FAULT,76,3.2460886960849407
device_1,2024-08-05 05:04:08.858319,FAULT,94,2.0683005596071067
device_2,2024-08-05 05:04:08.959311,OK,69,0.5536924421402085
device_3,2024-08-05 05:04:09.059906,OK,72,1.622801133996743
device_4,2024-08-05 05:04:09.160252,FAULT,65,4.692966403653739
device_5,2024-08-05 05:04:09.260910,FAULT,85,3.430393133979209
device_6,2024-08-05 05:04:09.361591,FAULT,92,2.607273038091326
device_7,2024-08-05 05:04:09.462764,OK,64,4.753237145985098
device_8,2024-08-05 05:04:09.564494,FAULT,82,1.9090565579639067
device_9,2024-08-05 05:04:09.665652,FAULT,64,3.070520705642861
device_10,2024-08-05 05:04:09.768211,OK,91,4.606721466441344
device_1,2024-08-05 05:04:09.869086,FAULT,96,3.6022251650626647
device_2,2024-08-05 05:04:09.969426,FAULT,80,3.813126168013894
device_3,2024-08-05 05:04:10.070062,OK,89,3.803757353218459
device_4,2024-08-05 05:04:10.170376,FAULT,68,4.150843616845481
device_5,2024-08-05 05:04:10.271288,FAULT,87,1.5814888903144708
device_6,2024-08-05 05:04:10.371439,OK,76,3.058875022245839
device_7,2024-08-05 05:04:10.472036,FAULT,71,1.0543783160761648
device_8,2024-08-05 05:04:10.572702,FAULT,95,4.242501493993461
device_9,2024-08-05 05:04:10.673361,FAULT,87,1.7074660016171699
device_10,2024-08-05 05:04:10.773806,FAULT,95,0.8099255670957054
device_1,2024-08-05 05:04:10.874207,OK,91,1.6314893901220908
device_2,2024-08-05 05:04:10.974824,OK,89,2.9492498691069926
device_3,2024-08-05 05:04:11.075155,FAULT,84,1.9764380651377693
device_4,2024-08-05 05:04:11.175610,OK,81,3.1231329930206053
device_5,2024-08-05 05:04:11.276308,FAULT,95,0.8316256901175358
device_6,2024-08-05 05:04:11.376819,FAULT,95,4.53159525121807
device_7,2024-08-05 05:04:11.477653,FAULT,92,3.355420594774171
device_8,2024-08-05 05:04:11.578300,OK,73,3.987953009179802
device_9,2024-08-05 05:04:11.679048,FAULT,96,2.2323819361086445
device_10,2024-08-05 05:04:11.779576,FAULT,94,2.668421882379141
device_1,2024-08-05 05:04:11.880033,FAULT,99,0.9929583878523363
device_2,2024-08-05 05:04:11.980661,FAULT,91,4.900435265353284
device_3,2024-08-05 05:04:12.081228,OK,96,4.608734974593394
device_4,2024-08-05 05:04:12.181510,OK,92,0.6179950582635616
device_5,2024-08-05 05:04:12.282011,OK,75,4.85359535364122
device_6,2024-08-05 05:04:12.382418,OK,88,3.38124662769356
device_7,2024-08-05 05:04:12.483113,FAULT,68,4.206198511345615
device_8,2024-08-05 05:04:12.583417,OK,64,3.020551850419234
device_9,2024-08-05 05:04:12.683905,FAULT,96,0.6271452624901992
device_10,2024-08-05 05:04:12.784476,FAULT,88,2.2378781472158913
device_1,2024-08-05 05:04:12.884794,OK,98,0.8377559931298553
device_2,2024-08-05 05:04:12.985117,FAULT,66,4.306307139214337
device_3,2024-08-05 05:04:13.085906,FAULT,94,2.37215028889248
device_4,2024-08-05 05:04:13.186552,OK,70,0.5858709971859798
device_5,2024-08-05 05:04:13.286958,OK,70,4.103476617630365
device_6,2024-08-05 05:04:13.387536,FAULT,94,4.0913644616560845
device_7,2024-08-05 05:04:13.488300,FAULT,84,2.9639704662670154
device_8,2024-08-05 05:04:13.588596,FAULT,66,2.071781004926279
device_9,2024-08-05 05:04:13.688995,FAULT,87,3.856515013862371
device_10,2024-08-05 05:04:13.789444,FAULT,96,4.767595345558996
device_1,2024-08-05 05:04:13.890207,OK,93,3.123419574210227
device_2,2024-08-05 05:04:13.990746,OK,69,3.730600999609253
device_3,2024-08-05 05:04:14.091581,OK,67,0.7600833245832344
device_4,2024-08-05 05:04:14.192415,OK,75,4.563089601148771
device_5,2024-08-05 05:04:14.292895,OK,95,3.493929510099536
device_6,2024-08-05 05:04:14.393478,OK,82,3.428086557684025
device_7,2024-08-05 05:04:14.494384,FAULT,88,2.375866979400428
device_8,2024-08-05 05:04:14.595099,OK,93,0.7203871987977108
device_9,2024-08-05 05:04:14.695546,OK,89,1.2016342486975304
device_10,2024-08-05 05:04:14.795875,FAULT,60,3.196496149577924
device_1,2024-08-05 05:04:14.896613,OK,89,2.727316543521203
device_2,2024-08-05 05:04:14.997430,OK,92,1.797263527423202
device_3,2024-08-05 05:04:15.097850,OK,79,3.004850932121852
device_4,2024-08-05 05:04:15.198289,FAULT,78,4.074838533724
device_5,2024-08-05 05:04:15.298708,FAULT,70,0.6446982267751882
device_6,2024-08-05 05:04:15.399014,OK,89,1.403331907741459
device_7,2024-08-05 05:04:15.499513,OK,78,1.8045905847000514
device_8,2024-08-05 05:04:15.599935,FAULT,76,0.6115621220849892
device_9,2024-08-05 05:04:15.700655,FAULT,91,2.1606714380037744
device_10,2024-08-05 05:04:15.801112,FAULT,92,2.981774459852876
device_1,2024-08-05 05:04:15.901890,OK,70,1.7313564110826456
device_2,2024-08-05 05:04:16.002351,FAULT,63,3.4637743108870698
device_3,2024-08-05 05:04:16.103155,OK,63,3.7862554918551385
device_4,2024-08-05 05:04:16.203837,OK,86,1.455787326845269
device_5,2024-08-05 05:04:16.304267,OK,63,1.2472227367370756
device_6,2024-08-05 05:04:16.405018,OK,70,0.895869083822071
device_7,2024-08-05 05:04:16.505629,FAULT,65,2.536456021473746
device_8,2024-08-05 05:04:16.606002,OK,74,3.0729929516231085
device_9,2024-08-05 05:04:16.706503,FAULT,71,1.485508037647355
device_10,2024-08-05 05:04:16.806852,OK,99,0.6119245856233179
device_1,2024-08-05 05:04:16.907548,OK,74,2.760575663681763
device_2,2024-08-05 05:04:17.008249,OK,98,4.897954218069264
device_3,2024-08-05 05:04:17.109014,OK,67,3.5808998343301686
device_4,2024-08-05 05:04:17.209977,FAULT,88,1.5580099352366465
device_5,2024-08-05 05:04:17.310647,OK,66,4.7525838493359425
device_6,2024-08-05 05:04:17.411603,OK,66,4.395520087691318
device_7,2024-08-05 05:04:17.512441,FAULT,61,2.2983977482728966
device_8,2024-08-05 05:04:17.613487,FAULT,89,0.721148951150089
device_9,2024-08-05 05:04:17.714314,OK,70,1.6568069922201014
device_10,2024-08-05 05:04:17.814613,OK,71,0.6564140926345787
device_1,2024-08-05 05:04:17.915493,OK,92,3.4657716198214223
device_2,2024-08-05 05:04:18.016331,OK,64,2.6208453309220507
device_3,2024-08-05 05:04:18.117326,FAULT,72,0.8938158980847326
device_4,2024-08-05 05:04:18.217906,FAULT,86,2.46179715213405
device_5,2024-08-05 05:04:18.318404,OK,60,4.364988203398461
device_6,2024-08-05 05:04:18.418907,FAULT,80,4.5304548875762
device_7,2024-08-05 05:04:18.519555,FAULT,89,2.1542219410341428
device_8,2024-08-05 05:04:18.620054,FAULT,73,4.019279945044956
device_9,2024-08-05 05:04:18.721134,FAULT,87,3.4984978646205516
device_10,2024-08-05 05:04:18.821410,FAULT,74,2.1725301605618954
device_1,2024-08-05 05:04:18.921926,OK,70,3.0906411790113446
device_2,2024-08-05 05:04:19.022284,OK,60,4.807097055377068
device_3,2024-08-05 05:04:19.126030,OK,77,4.381383976954321
device_4,2024-08-05 05:04:19.232543,OK,91,3.855223565555609
device_5,2024-08-05 05:04:19.335156,FAULT,91,4.145478722095136
device_6,2024-08-05 05:04:19.435808,OK,92,1.7139929438745227
device_7,2024-08-05 05:04:19.536352,OK,75,2.092139701528814
device_8,2024-08-05 05:04:19.637144,FAULT,93,1.7625120007473138
device_9,2024-08-05 05:04:19.737439,FAULT,89,4.127261241974408
device_10,2024-08-05 05:04:19.838356,FAULT,86,2.9620658895897036
device_1,2024-08-05 05:04:19.938814,OK,76,1.0458828690527848
device_2,2024-08-05 05:04:20.039464,OK,79,3.4269023266051906
device_3,2024-08-05 05:04:20.140135,FAULT,73,3.224559092871048
device_4,2024-08-05 05:04:20.240870,FAULT,96,3.1748577982581283
device_5,2024-08-05 05:04:20.341217,OK,67,2.4110707546724797
device_6,2024-08-05 05:04:20.441751,OK,99,4.050230248261956
device_7,2024-08-05 05:04:20.542248,OK,82,2.122064678701833
device_8,2024-08-05 05:04:20.642951,FAULT,70,4.15186189483215
device_9,2024-08-05 05:04:20.743615,OK,97,2.9927578614123354
device_10,2024-08-05 05:04:20.844290,OK,78,2.800877798195722
device_1,2024-08-05 05:04:20.944738,OK,87,4.643695215031645
device_2,2024-08-05 05:04:21.045482,OK,83,1.08757213894337
device_3,2024-08-05 05:04:21.147013,OK,76,3.310977402841191
device_4,2024-08-05 05:04:21.247616,FAULT,80,1.0087992469935698
device_5,2024-08-05 05:04:21.348545,OK,70,3.5402446152505354
device_6,2024-08-05 05:04:21.450295,FAULT,66,2.600209611760381
device_7,2024-08-05 05:04:21.550589,FAULT,85,3.1274671677767367
device_8,2024-08-05 05:04:21.651059,FAULT,64,1.5099920858716054
device_9,2024-08-05 05:04:21.751546,FAULT,75,1.6058773258587822
device_10,2024-08-05 05:04:21.852130,FAULT,95,1.1641659329871545
device_1,2024-08-05 05:04:21.953131,OK,67,4.784473596974282
device_2,2024-08-05 05:04:22.053902,FAULT,95,0.6566191473924707
device_3,2024-08-05 05:04:22.154527,FAULT,99,4.74155304574899
device_4,2024-08-05 05:04:22.254992,FAULT,82,4.4110744792971
device_5,2024-08-05 05:04:22.355821,FAULT,78,4.616429659803076
device_6,2024-08-05 05:04:22.456348,OK,66,3.0658469451837083
device_7,2024-08-05 05:04:22.556793,FAULT,92,1.420478766617416
device_8,2024-08-05 05:04:22.657282,OK,75,0.686503504395598
device_9,2024-08-05 05:04:22.758110,FAULT,86,2.2865992252085063
device_10,2024-08-05 05:04:22.858643,OK,60,4.53829296735916
device_1,2024-08-05 05:04:22.959410,OK,70,3.8085768300640876
device_2,2024-08-05 05:04:23.060158,OK,67,4.179706715730973
device_3,2024-08-05 05:04:23.160967,FAULT,64,2.001173427983673
device_4,2024-08-05 05:04:23.261353,FAULT,60,2.686095737846032
device_5,2024-08-05 05:04:23.361909,OK,93,1.5862311261110347
device_6,2024-08-05 05:04:23.462591,OK,90,3.802159892779976
device_7,2024-08-05 05:04:23.563069,OK,80,4.1262743658965375
device_8,2024-08-05 05:04:23.663509,FAULT,79,1.3933368477084154
device_9,2024-08-05 05:04:23.763903,FAULT,96,1.278511455445357
device_10,2024-08-05 05:04:23.865182,FAULT,92,3.42615846538113
device_1,2024-08-05 05:04:23.965765,FAULT,81,2.2016800329609514
device_2,2024-08-05 05:04:24.066534,OK,63,1.2062606687943345
device_3,2024-08-05 05:04:24.167060,FAULT,60,1.3076146885982411
device_4,2024-08-05 05:04:24.268090,FAULT,67,1.7852119246306632
device_5,2024-08-05 05:04:24.369147,OK,85,1.0342248714678202
device_6,2024-08-05 05:04:24.469898,OK,72,3.588627436772943
device_7,2024-08-05 05:04:24.570493,OK,99,1.2126347655631076
device_8,2024-08-05 05:04:24.671204,FAULT,82,2.2123749212855173
device_9,2024-08-05 05:04:24.771781,OK,86,4.3979490937204595
device_10,2024-08-05 05:04:24.872092,OK,79,3.054122922673194
device_1,2024-08-05 05:04:24.972567,FAULT,68,2.753415216556965
device_2,2024-08-05 05:04:25.073349,OK,67,3.448900757531003
device_3,2024-08-05 05:04:25.174151,OK,77,3.734600915296112
device_4,2024-08-05 05:04:25.274427,FAULT,88,1.9243164541182263
device_5,2024-08-05 05:04:25.374816,OK,94,0.5454107953210258
device_6,2024-08-05 05:04:25.475467,FAULT,83,0.5777324853542091
device_7,2024-08-05 05:04:25.575862,FAULT,75,0.7125559431328184
device_8,2024-08-05 05:04:25.676359,OK,96,4.44756036580424
device_9,2024-08-05 05:04:25.776940,OK,97,1.6612694228734841
device_10,2024-08-05 05:04:25.877311,OK,89,1.6408784144774229
device_1,2024-08-05 05:04:25.977778,FAULT,97,4.110687325969207
device_2,2024-08-05 05:04:26.078452,FAULT,80,4.459335163724127
device_3,2024-08-05 05:04:26.179066,OK,92,1.9936132591312128
device_4,2024-08-05 05:04:26.279885,OK,72,4.50232935515993
device_5,2024-08-05 05:04:26.380364,OK,78,2.003272551277731
device_6,2024-08-05 05:04:26.480668,FAULT,84,3.66525901228238
device_7,2024-08-05 05:04:26.581246,OK,91,4.012483238895161
device_8,2024-08-05 05:04:26.682017,FAULT,89,2.0640488775824077
device_9,2024-08-05 05:04:26.782535,FAULT,79,0.6137734299634687
device_10,2024-08-05 05:04:26.883221,FAULT,89,3.119694858462531
device_1,2024-08-05 05:04:26.983646,OK,71,2.9283746408272453
device_2,2024-08-05 05:04:27.084099,OK,60,2.2150596779109497
device_3,2024-08-05 05:04:27.184850,OK,66,4.902408953592457
device_4,2024-08-05 05:04:27.285302,OK,92,2.4807050873502368
device_5,2024-08-05 05:04:27.385863,OK,80,2.4218813114516253
device_6,2024-08-05 05:04:27.486521,FAULT,67,4.516104739825556
device_7,2024-08-05 05:04:27.587228,OK,86,3.678033699623843
device_8,2024-08-05 05:04:27.687887,FAULT,62,4.437431663799252
device_9,2024-08-05 05:04:27.788350,OK,60,2.813238109371886
device_10,2024-08-05 05:04:27.889296,FAULT,98,4.717566913181417
device_1,2024-08-05 05:04:27.990083,OK,73,1.405893366580893
device_2,2024-08-05 05:04:28.090709,FAULT,71,2.8398178822531697
device_3,2024-08-05 05:04:28.191440,FAULT,64,3.5500727110463504
device_4,2024-08-05 05:04:28.292039,FAULT,91,3.8520892869549606
device_5,2024-08-05 05:04:28.392765,FAULT,73,1.807623657665391
device_6,2024-08-05 05:04:28.493357,FAULT,75,3.6586993110676644
device_7,2024-08-05 05:04:28.593842,FAULT,98,3.562495568750533
device_8,2024-08-05 05:04:28.694343,FAULT,65,3.7895955754203996
device_9,2024-08-05 05:04:28.795084,FAULT,95,2.849162452582844
device_10,2024-08-05 05:04:28.895747,OK,96,1.0464194662360355
device_1,2024-08-05 05:04:28.996376,FAULT,71,2.761475053442859
device_2,2024-08-05 05:04:29.097076,OK,66,4.192603909066799
device_3,2024-08-05 05:04:29.197834,FAULT,80,4.39135885119116
device_4,2024-08-05 05:04:29.298594,FAULT,96,2.6631707041527894
device_5,2024-08-05 05:04:29.399110,FAULT,60,2.449851772454365
device_6,2024-08-05 05:04:29.499850,OK,63,3.831414020395959
device_7,2024-08-05 05:04:29.601526,FAULT,60,1.096584517883096
device_8,2024-08-05 05:04:29.702370,FAULT,62,2.333278367383576
device_9,2024-08-05 05:04:29.802932,FAULT,72,3.8932198834617053
device_10,2024-08-05 05:04:29.904084,FAULT,60,3.0847190228179633
device_1,2024-08-05 05:04:30.005150,OK,76,3.906690610719154
device_2,2024-08-05 05:04:30.105726,OK,73,4.0695622754506875
device_3,2024-08-05 05:04:30.206795,OK,60,2.5176038054664978
device_4,2024-08-05 05:04:30.307667,OK,79,4.674201406363193
device_5,2024-08-05 05:04:30.408656,FAULT,75,4.618484375857337
device_6,2024-08-05 05:04:30.509909,FAULT,65,3.562011495430885
device_7,2024-08-05 05:04:30.610630,OK,92,2.837922800332963
device_8,2024-08-05 05:04:30.711122,FAULT,72,3.273409363591665
device_9,2024-08-05 05:04:30.811899,FAULT,83,2.4816678754415094
device_10,2024-08-05 05:04:30.912967,FAULT,86,3.0028613114277594
device_1,2024-08-05 05:04:31.013882,OK,95,4.071765732966396
device_2,2024-08-05 05:04:31.114259,FAULT,68,2.5670044473733853
device_3,2024-08-05 05:04:31.215332,FAULT,92,4.770069519676128
device_4,2024-08-05 05:04:31.316442,OK,63,2.6700223204661544
device_5,2024-08-05 05:04:31.417318,OK,76,1.4566230196814394
device_6,2024-08-05 05:04:31.518157,FAULT,81,1.389930799359976
device_7,2024-08-05 05:04:31.618953,OK,73,2.634599963859295
device_8,2024-08-05 05:04:31.719809,FAULT,74,3.6645518530233665
device_9,2024-08-05 05:04:31.820466,FAULT,71,3.996995910618741
device_10,2024-08-05 05:04:31.921391,FAULT,63,4.021448494679863
device_1,2024-08-05 05:04:32.021997,OK,75,3.3681076372150742
device_2,2024-08-05 05:04:32.122316,OK,83,4.889367301298538
device_3,2024-08-05 05:04:32.223042,FAULT,80,0.9987552063088541
device_4,2024-08-05 05:04:32.323923,FAULT,85,0.9467080934089288
device_5,2024-08-05 05:04:32.424438,FAULT,89,3.7713500230614425
device_6,2024-08-05 05:04:32.525329,FAULT,78,4.289033859414009
device_7,2024-08-05 05:04:32.626193,OK,89,2.690019742730558
device_8,2024-08-05 05:04:32.726858,FAULT,94,2.0536075281043664
device_9,2024-08-05 05:04:32.827556,OK,96,1.9700031281971224
device_10,2024-08-05 05:04:32.928113,FAULT,72,4.207141985377919
device_1,2024-08-05 05:04:33.028551,OK,82,4.516827392873891
device_2,2024-08-05 05:04:33.129175,FAULT,80,4.9635128727173266
device_3,2024-08-05 05:04:33.229887,FAULT,83,1.0491419250358915
device_4,2024-08-05 05:04:33.330853,OK,99,0.6615344805450836
device_5,2024-08-05 05:04:33.431695,FAULT,91,1.5156672576954018
device_6,2024-08-05 05:04:33.532453,OK,62,1.3345170855075346
device_7,2024-08-05 05:04:33.632924,OK,96,3.107679363083464
device_8,2024-08-05 05:04:33.733445,FAULT,79,2.6245743737396863
device_9,2024-08-05 05:04:33.834544,FAULT,96,2.896103095110286
device_10,2024-08-05 05:04:33.935138,OK,88,3.6910016322877466
device_1,2024-08-05 05:04:34.035802,FAULT,67,1.8954894894704832
device_2,2024-08-05 05:04:34.136168,FAULT,85,4.907038772171495
device_3,2024-08-05 05:04:34.237054,OK,91,0.6181815787477078
device_4,2024-08-05 05:04:34.338032,FAULT,87,3.3089928150837498
device_5,2024-08-05 05:04:34.438596,FAULT,88,3.2848156879628645
device_6,2024-08-05 05:04:34.539639,OK,73,3.7299930254622944
device_7,2024-08-05 05:04:34.640566,FAULT,95,2.7649951212808794
device_8,2024-08-05 05:04:34.741082,FAULT,90,3.4453295081101207
device_9,2024-08-05 05:04:34.841698,OK,60,4.132916980313069
device_10,2024-08-05 05:04:34.942285,OK,63,1.565381012378103
device_1,2024-08-05 05:04:35.042963,OK,77,3.492827493652356
device_2,2024-08-05 05:04:35.143646,FAULT,86,1.4332502601329336
device_3,2024-08-05 05:04:35.244755,FAULT,75,0.8941994842637099
device_4,2024-08-05 05:04:35.345368,FAULT,78,2.415262823796071
device_5,2024-08-05 05:04:35.446604,OK,74,3.318478542065547
device_6,2024-08-05 05:04:35.547386,FAULT,82,4.666956647118974
device_7,2024-08-05 05:04:35.648401,FAULT,95,2.689028503012523
device_8,2024-08-05 05:04:35.749317,OK,96,0.5887855759220751
device_9,2024-08-05 05:04:35.849738,FAULT,85,4.557557140475912
device_10,2024-08-05 05:04:35.950658,OK,64,2.084174361683698
device_1,2024-08-05 05:04:36.051443,OK,93,3.0499915283434667
device_2,2024-08-05 05:04:36.152283,FAULT,80,3.8559727211453017
device_3,2024-08-05 05:04:36.253068,FAULT,68,3.9476522226684136
device_4,2024-08-05 05:04:36.354255,FAULT,74,0.5557900627935511
device_5,2024-08-05 05:04:36.454963,OK,69,1.020615774047503
device_6,2024-08-05 05:04:36.555434,FAULT,65,4.113245913782674
device_7,2024-08-05 05:04:36.655837,OK,72,3.988192239879006
device_8,2024-08-05 05:04:36.756491,FAULT,85,4.7998141905084815
device_9,2024-08-05 05:04:36.857668,FAULT,99,2.879927248231601
device_10,2024-08-05 05:04:36.958489,OK,71,3.074572382345891
device_1,2024-08-05 05:04:37.059218,FAULT,95,4.157992936417009
device_2,2024-08-05 05:04:37.160191,FAULT,90,0.7133592652277914
device_3,2024-08-05 05:04:37.261614,FAULT,84,3.4255224653895704
device_4,2024-08-05 05:04:37.362214,OK,73,3.842577325820423
device_5,2024-08-05 05:04:37.462865,FAULT,82,4.2337218671707175
device_6,2024-08-05 05:04:37.563700,FAULT,67,2.3520391307269115
device_7,2024-08-05 05:04:37.664511,FAULT,66,0.9473349188266185
device_8,2024-08-05 05:04:37.765120,FAULT,72,0.7976773688117265
device_9,2024-08-05 05:04:37.865910,FAULT,79,3.366805698145743
device_10,2024-08-05 05:04:37.966610,OK,63,2.633463963252035
device_1,2024-08-05 05:04:38.067235,OK,92,0.6804924180300851
device_2,2024-08-05 05:04:38.167898,OK,87,2.8497984733314263
device_3,2024-08-05 05:04:38.268594,OK,98,2.3617018953288937
device_4,2024-08-05 05:04:38.369332,OK,61,2.9650313317929307
device_5,2024-08-05 05:04:38.470123,OK,90,3.3933709843617597
device_6,2024-08-05 05:04:38.570572,OK,78,1.7299231009237321
device_7,2024-08-05 05:04:38.671095,OK,93,1.9092684824827975
device_8,2024-08-05 05:04:38.772094,FAULT,62,2.7346640612518054
device_9,2024-08-05 05:04:38.872890,OK,93,0.7223858877608973
device_10,2024-08-05 05:04:38.973467,FAULT,89,1.611237728673891
device_1,2024-08-05 05:04:39.074278,OK,78,0.9634875936346838
device_2,2024-08-05 05:04:39.174802,OK,70,3.080632164014974
device_3,2024-08-05 05:04:39.276738,OK,79,4.082599072052985
device_4,2024-08-05 05:04:39.376980,OK,84,3.04553050354312
device_5,2024-08-05 05:04:39.477611,FAULT,63,3.543711779098863
device_6,2024-08-05 05:04:39.578599,FAULT,82,0.69454756207514
device_7,2024-08-05 05:04:39.679330,OK,78,3.645115487880598
device_8,2024-08-05 05:04:39.780130,OK,71,4.435120406665567
device_9,2024-08-05 05:04:39.880488,FAULT,99,2.9485091513881576
device_10,2024-08-05 05:04:39.980981,FAULT,85,1.1467524609206188
device_1,2024-08-05 05:04:40.082268,FAULT,66,4.065946550415248
device_2,2024-08-05 05:04:40.182955,FAULT,78,4.626613235203115
device_3,2024-08-05 05:04:40.283675,OK,94,3.865404815231805
device_4,2024-08-05 05:04:40.386107,FAULT,61,0.7689566481494643
device_5,2024-08-05 05:04:40.486610,FAULT,99,3.768192092786097
device_6,2024-08-05 05:04:40.587525,FAULT,95,1.0335377293341383
device_7,2024-08-05 05:04:40.688597,OK,86,2.4551557608696393
device_8,2024-08-05 05:04:40.789124,OK,76,1.4477950485588402
device_9,2024-08-05 05:04:40.890126,FAULT,69,2.2255796293747245
device_10,2024-08-05 05:04:40.991118,OK,85,2.110465900908236
device_1,2024-08-05 05:04:41.092438,FAULT,68,4.613724765216383
device_2,2024-08-05 05:04:41.193072,FAULT,91,2.3412330393233027
device_3,2024-08-05 05:04:41.293626,OK,94,3.325184536766862
device_4,2024-08-05 05:04:41.394579,OK,64,2.197045161877556
device_5,2024-08-05 05:04:41.495138,OK,92,3.0644039727566645
device_6,2024-08-05 05:04:41.596085,FAULT,66,2.2140466466017
device_7,2024-08-05 05:04:41.697020,FAULT,61,2.333536425473216
device_8,2024-08-05 05:04:41.797815,OK,93,1.6723621711625594
device_9,2024-08-05 05:04:41.898222,FAULT,85,3.926647531676748
device_10,2024-08-05 05:04:41.999014,OK,82,2.047303183695663
device_1,2024-08-05 05:04:42.099759,OK,75,0.8681215072639707
device_2,2024-08-05 05:04:42.200481,OK,68,1.2364869401533718
device_3,2024-08-05 05:04:42.301738,FAULT,99,4.136901117807292
device_4,2024-08-05 05:04:42.402307,FAULT,91,4.2201092246030525
device_5,2024-08-05 05:04:42.503214,OK,63,0.6863401085953934
device_6,2024-08-05 05:04:42.604247,OK,98,4.418216289367047
device_7,2024-08-05 05:04:42.704765,FAULT,95,1.4121223614352976
device_8,2024-08-05 05:04:42.805349,FAULT,67,2.6973452474738226
device_9,2024-08-05 05:04:42.905822,OK,97,2.8914483481421156
device_10,2024-08-05 05:04:43.006525,FAULT,80,4.544100853579168
device_1,2024-08-05 05:04:43.107033,FAULT,75,4.608297363939709
device_2,2024-08-05 05:04:43.207376,FAULT,82,3.0532815074701523
device_3,2024-08-05 05:04:43.308166,OK,85,3.040709080852348
device_4,2024-08-05 05:04:43.408662,FAULT,73,1.9695266682876589
device_5,2024-08-05 05:04:43.509475,FAULT,95,1.7956215325051874
device_6,2024-08-05 05:04:43.610380,OK,64,2.289361967425502
device_7,2024-08-05 05:04:43.710973,FAULT,82,4.374285560652116
device_8,2024-08-05 05:04:43.811791,FAULT,66,3.1593893330472023
device_9,2024-08-05 05:04:43.912433,FAULT,85,1.0629483617931283
device_10,2024-08-05 05:04:44.013913,FAULT,77,1.1084029917864076
device_1,2024-08-05 05:04:44.114818,FAULT,86,1.1405297358425717
device_2,2024-08-05 05:04:44.215570,OK,88,1.7618521247446275
device_3,2024-08-05 05:04:44.316163,FAULT,90,3.52150905974699
device_4,2024-08-05 05:04:44.416803,FAULT,80,2.3568478261828885
device_5,2024-08-05 05:04:44.517569,OK,83,4.142673404183547
device_6,2024-08-05 05:04:44.618415,FAULT,74,3.4565887624923435
device_7,2024-08-05 05:04:44.719258,FAULT,69,0.7223341774645704
device_8,2024-08-05 05:04:44.820193,FAULT,61,4.426080838279438
device_9,2024-08-05 05:04:44.921090,FAULT,88,1.2052108681998892
device_10,2024-08-05 05:04:45.021838,FAULT,98,4.1030778138079365
device_1,2024-08-05 05:04:45.122990,OK,64,2.731032058069144
device_2,2024-08-05 05:04:45.223269,OK,74,3.5193227838129113
device_3,2024-08-05 05:04:45.323863,OK,84,1.419162552647871
device_4,2024-08-05 05:04:45.425124,FAULT,62,4.2164477115504315
device_5,2024-08-05 05:04:45.526648,OK,67,1.4873805394089241
device_6,2024-08-05 05:04:45.627273,FAULT,81,2.419196318024399
device_7,2024-08-05 05:04:45.728625,OK,71,3.9231593112118794
device_8,2024-08-05 05:04:45.830218,OK,80,1.9056409852558025
device_9,2024-08-05 05:04:45.931082,FAULT,82,3.821446223361964
device_10,2024-08-05 05:04:46.032230,OK,96,3.8594111321692153
device_1,2024-08-05 05:04:46.132867,OK,67,4.543617617429603
device_2,2024-08-05 05:04:46.233239,FAULT,79,2.537143912396514
device_3,2024-08-05 05:04:46.333882,FAULT,77,3.3695815858633997
device_4,2024-08-05 05:04:46.434876,OK,86,1.115955238640289
device_5,2024-08-05 05:04:46.535464,OK,79,2.1059391645793113
device_6,2024-08-05 05:04:46.636520,OK,66,3.5485066610660834
device_7,2024-08-05 05:04:46.737459,OK,70,1.0838758548334746
device_8,2024-08-05 05:04:46.838044,OK,85,2.6645905912356977
device_9,2024-08-05 05:04:46.939136,OK,84,2.541258556713268
device_10,2024-08-05 05:04:47.039631,OK,72,0.8699015942713951
device_1,2024-08-05 05:04:47.140604,OK,62,3.241094627670399
device_2,2024-08-05 05:04:47.241063,OK,98,2.81068044870742
device_3,2024-08-05 05:04:47.343401,OK,89,2.5776643414193243
device_4,2024-08-05 05:04:47.443807,OK,91,2.6297523371904856
device_5,2024-08-05 05:04:47.545121,FAULT,77,2.998587776748834
device_6,2024-08-05 05:04:47.645651,OK,63,2.991453514789656
device_7,2024-08-05 05:04:47.746607,FAULT,63,4.584754314947099
device_8,2024-08-05 05:04:47.847842,OK,73,3.253856421238889
device_9,2024-08-05 05:04:47.948734,FAULT,79,2.172718854367679
device_10,2024-08-05 05:04:48.049506,FAULT,96,2.121018832138485
device_1,2024-08-05 05:04:48.150220,FAULT,78,3.072974938172761
device_2,2024-08-05 05:04:48.250845,OK,60,3.3155027143606395
device_3,2024-08-05 05:04:48.351752,FAULT,75,1.2518086506918584
device_4,2024-08-05 05:04:48.452809,OK,73,0.573650112055804
device_5,2024-08-05 05:04:48.553875,OK,78,2.494433154747517
device_6,2024-08-05 05:04:48.655079,OK,90,4.831433772610533
device_7,2024-08-05 05:04:48.756242,FAULT,88,3.1980784246058387
device_8,2024-08-05 05:04:48.857168,FAULT,61,3.9433828514371174
device_9,2024-08-05 05:04:48.957872,FAULT,84,2.2369929407789995
device_10,2024-08-05 05:04:49.059119,FAULT,82,0.9782432376162686
